Mutual Trust Bank Limited,Mutual Trust Bank,"37 Agrabad C/a Chittagong, "
Agrani Bank Limited,Agrani Bank,"Agrani Bank Bhavan 1000 Dhaka, "
Al-arafah Islami Bank Ltd.,Al-Arafah Islami Bank,"Rahman Mension 1000 Dhaka, "
Agrani Bank Limited,AB Bank,"Agrani Bank Bhavan 1000 Dhaka, "
Bangladesh Krishi Bank,Bangladesh Bank,"Krishi Bank Bhaban 1000 Dhaka, "
Bangladesh Commerce Bank Ltd.,Bangladesh Commerce Bank,"Taranga Complex 1000 Dhaka, "
Bangladesh Krishi Bank,Bangladesh Krishi Bank,"Krishi Bank Bhaban 1000 Dhaka, "
Bangladesh Krishi Bank,Bangladesh Samabaya Bank,"Krishi Bank Bhaban 1000 Dhaka, "
Bangladesh Development Bank Limited (bdbl,Bangladesh Development Bank,"Bdbl Bhaban, Own Building 1000 Dhaka, "
Basic Bank Limited,Basic Bank,"Bana Shilpa Bhaban 1000 Dhaka, "
Brac Bank Limited,BRAC Bank,"1 Gulshan Avenue, Gulshan 1 1212 Dhaka, "
Agrani Bank Limited,Bank Al-Falah,"Agrani Bank Bhavan 1000 Dhaka, "
Bank Asia Ltd,Bank Asia,"Noor Tower 1215 Dhaka, "
Agrani Bank Limited,CITI Bank,"Agrani Bank Bhavan 1000 Dhaka, "
Agrani Bank Limited,Commercial Bank of Cyclon,"28, Syed Court, Agrabad C/A, Chittagong, "
"Agrani Bank,ramna Branch,dhaka(phaka",Dhaka Bank,"18, B.B Avenue, Dhaka 1000 Dhaka, "
Dutch-bangla Bank Ltd,Dutch-Bangla Bank,"Purbani Annex 1000 Dhaka, "
Eastern Bank Ltd.,Eastern Bank,"Jiban Bima Bhaban 1000 Dhaka, "
Agrani Bank Limited,EXIM Bank,"Agrani Bank Bhavan 1000 Dhaka, "
First Security Islami Bank Limited,First Security Islami Bank,"163 Sheikh Mujib Road Chittagong, "
Eastern Bank Ltd.,Habib Bank,"Habib Plaza Rajshahi, "
"Hongkong And Shanghai Banking Corporation Ltd, The",HongKong & Shanghai Banking Corp,"Chittagong, "
Agrani Bank Limited,IFIC Bank,"Agrani Bank Bhavan 1000 Dhaka, "
Islami Bank Bangladesh Ltd,Islami Bank Bangladesh,"Islami Bank Tower Dhaka, "
Jamuna Bank Limited,Jamuna Bank,"32 Mohakhali C/a Dhaka, "
Janata Bank Limited,Janata Bank,"Janata Bhaban 1000 Dhaka, "
Mercantile Bank Limited,Mercantile Bank,"Dhaka, "
National Bank Limited,National Bank,"48 Dilkusha C/a 1000 Dhaka, "
National Bank Of Pakistan,National Bank of Pakistan,"79 Motijheel Commercial Area Dhaka, "
National Credit And Commerce Bank Limited,National Credit & Commerce Bank,"Noor Chamber Chittagong, "
One Bank Limited,One Bank,"Zaman Court 1000 Dhaka, "
Prime Bank Limited,Prime Bank,"Adamjee Court Bldg 1000 Dhaka, "
Pubali Bank Limited,Pubali Bank,"Pubali Bhaban 1000 Dhaka, "
Agrani Bank Limited,Rajshahi Krishi Unnayan bank,"Shaheb Bazar, Rajshahi Rajshahi, "
Rupali Bank Ltd,Rupali Bank,"Rupali Sadan Chittagong Chittagong, "
Shahjalal Islami Bank Limited,Shahjalal Islami Bank,"T K Bhaban Dhaka, "
Social Islami Bank Limited,Social Islami Bank,"103 Agrabad C/a Chittagong, "
Sonali Bank Limited,Sonali Bank,"Chittagong, "
Southeast Bank Limited,SouthEast bank,"Agargaon Admn. Area 1207 Dhaka, "
Standard Bank Limited,Standard Bank,"Chamber Building 1000 Dhaka, "
Standard Chartered Bank,Standard Chartered Bank,"33 Agrabad C/a Chittagong, "
State Bank Of India,State Bank of India,"House A1 Rajshahi, "
City Bank Limited The,The City Bank,"10, Dilkusha Commercial Area 1000 Dhaka, "
Icb Islamic Bank Limited,ICB Islamic Bank,"17 Motijheel Commercial Area 1000 Dhaka, "
The Premier Bank Limited,The Premier Bank,"Al Islam Chamber Chittagong, "
"Trust Bank Ltd., The",Trust Bank,"Trust Bhahban 1206 Dhaka, "
United Commercial Bank Ltd,United Commercial Bank,"Kashfia Plaza 4000 Chittagong, "
Uttara Bank Limited,Uttara Bank,"Plot 27,Road 7,Sector 3,Uttara 1230 Dhaka, "
"Woori Bank, Dhaka",Woori Bank,"Plot No 15 Block No Cws (A) 1212 Dhaka, "
Nrb Commercial Bank Limited,NRB Commercial Bank,"Motijheel C/A, 114 1000 Dhaka, "
Export Import Bank Of Bangladesh Ltd,Union Bank,"Union Square Building Chittagong, "
Agrani Bank Limited,SBAC Bank,"Agrani Bank Bhavan 1000 Dhaka, "
Agrani Bank Limited,Meghna Bank,"Agrani Bank Bhavan 1000 Dhaka, "
Agrani Bank Limited,The Farmers Bank,"Agrani Bank Bhavan 1000 Dhaka, "
Midland Bank Limited,Midland Bank,"N B Tower Dhaka, "
Nrb Commercial Bank Limited,NRB Bank,"Motijheel C/A, 114 1000 Dhaka, "
Agrani Bank Limited,Modhumoti Bank,"Agrani Bank Bhavan 1000 Dhaka, "
Nrb Commercial Bank Limited,NRB Global Bank,"Motijheel C/A, 114 1000 Dhaka, "
Agrani Bank Limited,Shimanto Bank,"Agrani Bank Bhavan 1000 Dhaka, "
